,threshold_true,threshold_estimate,ndt_true,ndt_estimate,eta_true,eta_estimate,mu1_true,mu1_estimate,mu2_true,mu2_estimate
0,0.6422828938094384,0.6880318406061525,0.9437005721731975,0.9465648632070212,0.6178379529159784,0.9966316046762476,-1.371723218081714,-1.7101271418639867,-1.093873720336502,-1.1830267115366662
1,1.6003733456733356,1.6393742224223156,0.8614016279176222,0.8672599288435646,0.429112589783664,0.44071289967517563,-0.44930016149059937,-0.4870199577869336,-0.507083459247667,-0.557141162071921
2,2.20684901764744,2.2512110959453038,0.41723727998482546,0.44908580999187064,0.21616666160701162,0.31371344135100143,1.7856627681158395,1.8187764692460402,-2.3178915600169114,-2.556697741315456
3,2.5997077810526745,3.0,0.17317244765121856,0.1,0.7004256338369764,0.9063776508110759,0.9183780304346119,1.0439793402672515,-1.1212158419521512,-1.4195339591255929
4,0.7414594605150868,0.803375869415537,0.9836154348544486,0.9836154334437203,0.6683287105413951,1.0,1.3186734275008962,1.6744335055605712,-2.09575454513773,-2.2378430970239145
